repeat,split,model,mae,rmse,crps
1,train,untuned_physics_informed,2.553919782502647,4.138170015152982,2.1946367286133626
1,test,untuned_physics_informed,5.341832634670065,6.311236963374852,4.7984971428355285
1,train,untuned_physics_h_only,4.142522822220901,5.8689222929346725,3.809393534060874
1,test,untuned_physics_h_only,5.679963264117494,6.337764270073206,5.096618532540401
1,train,untuned_physics_p_only,2.553859858611034,4.685377379679091,2.262640952356638
1,test,untuned_physics_p_only,5.092622277841073,5.83367432093373,4.487438352350332
1,train,untuned_physics_better_upstream,2.832783658914814,4.564545024911931,2.4637835424566936
1,test,untuned_physics_better_upstream,5.101071629233952,5.7828444251671645,4.556329485152695
1,train,tuned_physics_informed,4.709127403577643,7.314321574302989,3.7216450925313134
1,test,tuned_physics_informed,3.954514249264406,4.762672641401402,2.8121457115662594
1,train,untuned_physics_mean_only,2.287991776814665,3.584745722417902,2.0005039241539944
1,test,untuned_physics_mean_only,8.053873547550674,9.98832167326286,7.293995865683631
1,train,tuned_physics_mean_only,6.222586071439414e-06,9.149512851997535e-06,0.002115657231597323
1,test,tuned_physics_mean_only,6.756283509975546,7.328229616719498,4.301963638102797
1,train,untuned_process_only,3.4455037355715437,5.169091780144832,3.258906761289975
1,test,untuned_process_only,6.801672732250675,7.912414413222551,6.415011396291585
1,train,untuned_d_phi_only,3.8400385867578817,5.910005557642124,3.6722844193565742
1,test,untuned_d_phi_only,3.5797199976796796,4.356310718861351,3.3652758715190725
1,train,tuned_process_only,3.36574223476417,4.980861189745373,3.0189104437840037
1,test,tuned_process_only,3.4663383977082893,4.014530300940534,2.9457616128646777
1,train,tuned_d_phi_only,4.691718303878653,7.4842363782637005,3.8936186676180213
1,test,tuned_d_phi_only,2.0801339128135274,2.732032975493334,2.139593422197169
2,train,untuned_physics_informed,1.982047467989962,2.458662338557077,1.6888791597751394
2,test,untuned_physics_informed,10.647717251984835,15.006419625437003,10.009139604095362
2,train,untuned_physics_h_only,2.9288598789455023,3.7784165904001705,2.6405309566063146
2,test,untuned_physics_h_only,12.796537611406606,16.58248232080637,12.192303709115928
2,train,untuned_physics_p_only,1.2174278044664861,1.6362040426252966,1.0010082443566233
2,test,untuned_physics_p_only,10.289015228800642,15.118169359849905,9.705910660328842
2,train,untuned_physics_better_upstream,1.8886003539227754,2.372098656683276,1.5892693331772991
2,test,untuned_physics_better_upstream,7.563725310643245,12.959607471276444,7.138874002592783
2,train,tuned_physics_informed,3.375900778229366,4.620120149562738,2.588014388080625
2,test,tuned_physics_informed,8.208107857140732,13.904228713051738,7.2042828436333295
2,train,untuned_physics_mean_only,1.2357823804921766,1.6752362406808263,1.0256380268186738
2,test,untuned_physics_mean_only,10.721818909848773,14.701997347339171,10.110413399606866
2,train,tuned_physics_mean_only,2.901596299526134,3.8343879120116275,2.14936225794723
2,test,tuned_physics_mean_only,9.786551992994058,12.332053529659621,7.678111834052622
2,train,untuned_process_only,2.017344352983701,2.777718859000429,1.8572953559485204
2,test,untuned_process_only,20.657130884882644,24.684311691372674,20.2878878109576
2,train,untuned_d_phi_only,2.664583601537934,3.9785721851421685,2.539148912495855
2,test,untuned_d_phi_only,12.449583446438576,16.643977225890335,11.88105002373109
2,train,tuned_process_only,2.9652705866629128,4.576447336396121,2.5815836237837475
2,test,tuned_process_only,7.434083507109311,13.229421051690625,6.570886817729917
2,train,tuned_d_phi_only,3.205691953090768,4.618852552223376,2.5835300023851033
2,test,tuned_d_phi_only,7.0134925828748464,12.479561579161116,6.361155779690485
3,train,untuned_physics_informed,2.6232247281959795,4.453989439257556,2.3226920922392087
3,test,untuned_physics_informed,3.0713979395024986,3.6804545550472705,2.6785634013259543
3,train,untuned_physics_h_only,4.123655568233382,5.9957889818500565,3.798749763918856
3,test,untuned_physics_h_only,3.5604372747954045,3.95840945684361,3.0890756368238406
3,train,untuned_physics_p_only,2.5099349234618873,4.733382353008748,2.2595553274063396
3,test,untuned_physics_p_only,2.489435086678526,2.9761709632579487,2.15300292925606
3,train,untuned_physics_better_upstream,2.6421764927667084,4.576580472945785,2.3542212195711008
3,test,untuned_physics_better_upstream,4.889456583737484,6.577287850449518,4.025774266793428
3,train,tuned_physics_informed,4.022812622280857,5.739281737446983,3.003993287713499
3,test,tuned_physics_informed,2.153741176748966,2.4249381246075035,1.624905027020148
3,train,untuned_physics_mean_only,1.932641230463986,2.812394818869271,1.6318935149186549
3,test,untuned_physics_mean_only,6.512177519447211,8.247721165173363,5.68109992895221
3,train,tuned_physics_mean_only,3.9967954343902954,5.722067963905852,3.007928321564395
3,test,tuned_physics_mean_only,2.1695700668535474,2.401330509175099,1.6364546116143242
3,train,untuned_process_only,3.0413168024336765,4.88489442392824,2.8450697684497217
3,test,untuned_process_only,5.348479972959026,5.61070153562159,4.53037731514203
3,train,untuned_d_phi_only,3.563493036174563,5.337463561546113,3.3852589454998654
3,test,untuned_d_phi_only,10.609068260638177,13.00249074955057,9.503441025529265
3,train,tuned_process_only,0.0006951650089982527,0.001012579266722074,0.03305272356327816
3,test,tuned_process_only,3.213000740534246,3.527515603577371,2.822426929357707
3,train,tuned_d_phi_only,4.5728811016966,7.113083316676669,3.7580056097525487
3,test,tuned_d_phi_only,4.3336154118027155,5.216618660760038,3.1864616290968666
4,train,untuned_physics_informed,2.386389173718927,3.8483492868308105,2.063165801104728
4,test,untuned_physics_informed,10.014684650880861,11.44926028032912,9.632259114718165
4,train,untuned_physics_h_only,2.945119592703298,4.4414752883330815,2.6577741897380984
4,test,untuned_physics_h_only,9.885257445008776,11.44642371746906,9.518205583682617
4,train,untuned_physics_p_only,2.0636951464039552,3.8729004790212342,1.845242451683003
4,test,untuned_physics_p_only,10.509349925961706,11.857882053325913,10.108506689836004
4,train,untuned_physics_better_upstream,2.554771189891173,4.0366235749566,2.239963514574595
4,test,untuned_physics_better_upstream,8.485199725944298,10.623608545083453,8.03822399413869
4,train,tuned_physics_informed,5.112291102524334,8.063657679778968,4.378148940891372
4,test,tuned_physics_informed,7.500801545775801,11.730538306109331,6.633496337017399
4,train,untuned_physics_mean_only,1.9979911133301793,2.9101402425306024,1.694331847424214
4,test,untuned_physics_mean_only,11.203529333801947,13.049345781526435,10.846515207456989
4,train,tuned_physics_mean_only,0.0012073194658757285,0.0018965674232514235,0.02962995490847342
4,test,tuned_physics_mean_only,7.852435816549615,11.460930592854986,5.962126261921415
4,train,untuned_process_only,2.1254048273553448,3.4225623247782813,1.9706045542298503
4,test,untuned_process_only,9.590536258857322,12.901593440200942,9.390527974480083
4,train,untuned_d_phi_only,3.617641241061825,5.629198387782459,3.469384033952999
4,test,untuned_d_phi_only,14.75456774296905,20.80861462556541,13.632239558150326
4,train,tuned_process_only,2.784988222751262,4.288742540060282,2.560883048910053
4,test,tuned_process_only,7.861187084333409,11.319602760209538,5.896364992198457
4,train,tuned_d_phi_only,3.8478893636303515,5.837188351799248,3.12682074785631
4,test,tuned_d_phi_only,7.161618300710515,11.274958889116922,5.688825142494845
5,train,untuned_physics_informed,2.3712732102767,3.7892322186748792,2.0727575883954845
5,test,untuned_physics_informed,12.792026585961574,18.729199192989842,12.167750775061625
5,train,untuned_physics_h_only,2.9438400455017453,4.318156158144835,2.6448422686265523
5,test,untuned_physics_h_only,15.061607625308563,19.90467416269036,13.786921104398495
5,train,untuned_physics_p_only,2.4013455005588336,3.974948541056879,2.134098065176747
5,test,untuned_physics_p_only,12.493697251233826,18.457235763522085,11.942613245213073
5,train,untuned_physics_better_upstream,2.327726781584207,3.632611091928753,2.0063245996334977
5,test,untuned_physics_better_upstream,12.296321152585753,17.100048888701682,11.42553353560436
5,train,tuned_physics_informed,3.3134559143523035,5.37498491899406,2.65488624374081
5,test,tuned_physics_informed,5.447182137925101,6.188771723745055,3.778889765674117
5,train,untuned_physics_mean_only,1.3942929241724273,1.8547272225156204,1.1154938063811077
5,test,untuned_physics_mean_only,9.141184966531887,13.510365053323946,8.464682965884473
5,train,tuned_physics_mean_only,1.2524253601271516,2.0116324615003656,1.2496849281009075
5,test,tuned_physics_mean_only,5.588484822257475,6.507353021670326,3.885738052176034
5,train,untuned_process_only,2.045445208314912,2.8561067012726977,1.8797608786436113
5,test,untuned_process_only,33.26322930408336,37.8175940868989,32.15045024314641
5,train,untuned_d_phi_only,3.561567154190335,5.8437630461687675,3.4012583707490283
5,test,untuned_d_phi_only,4.317874086583918,5.148686890239006,4.118480575357406
5,train,tuned_process_only,3.6823799326913234,6.121957221954375,3.34946734537566
5,test,tuned_process_only,5.110536652113045,6.9363601094452685,3.9347847087278858
5,train,tuned_d_phi_only,0.001375291336540403,0.0020929450467500124,0.032514547425532676
5,test,tuned_d_phi_only,9.984111604221113,13.078529672935739,9.449228137372067
